,Consumo_Cigarrillo,Edad_Años,edad,imc,ips_codigo,perimetro_abdominal,peso,puntaje_total,riesgo_dm,tad,talla,tas
count,100.0,100.0,100.0,100.0,100.0,100.0,100.0,100.0,100.0,100.0,100.0,100.0
mean,1.0,46.92,45.45,27.3044,865680000701.0,88.14,66.031,9.4,8.39,73.72,155.32,115.95
std,0.0,15.286939034695765,15.464116169018158,5.096275589966549,0.0,10.255345982077896,13.87000757393485,3.8586123009300746,10.239451334732912,10.168360514633397,8.270526957916053,15.073808310101896
min,1.0,19.0,18.0,16.44,865680000701.0,63.0,40.0,1.0,0.0,50.0,133.0,90.0
25%,1.0,35.75,34.75,23.95,865680000701.0,81.0,55.0,7.0,4.0,70.0,150.0,110.0
50%,1.0,47.0,45.0,26.564999999999998,865680000701.0,89.0,65.0,10.0,4.0,70.0,154.5,120.0
75%,1.0,57.5,55.25,30.445,865680000701.0,96.0,74.25,12.0,17.0,80.0,160.0,120.0
max,1.0,84.0,86.0,43.83,865680000701.0,109.0,102.0,20.0,33.0,100.0,190.0,199.0
