edad,sexo,peso,talla,imc,perimetro_abdominal,tas,tad,puntaje_total,riesgo_dm,Consumo_Cigarrillo,Prediccion,Prob_Diabetes,Prob_Normal,Prob_Prediabetes
32,F,58.5,165,21.5,78,110,70,2.5,1.2,0,Normal,8.000160420653529e-09,0.9761574151556165,0.023842576844223213
48,M,82.0,175,26.8,95,135,85,5.8,3.2,0,Normal,9.743298813518994e-07,0.9942243202311247,0.005774705438994037
55,F,95.0,160,37.1,105,145,90,8.7,5.8,1,Diabetes,0.6192629585442756,0.21137893233935048,0.1693581091163738
